<?xml version="1.0" encoding="UTF-8"?>
<project-private xmlns="http://www.netbeans.org/ns/project-private/1">
    <editor-bookmarks xmlns="http://www.netbeans.org/ns/editor-bookmarks/2" lastBookmarkId="0"/>
    <open-files xmlns="http://www.netbeans.org/ns/projectui-open-files/2">
        <group>
            <file>file:/C:/Users/Asus/OneDrive/Desktop/OOP/src/oop/Email.java</file>
            <file>file:/C:/Users/Asus/OneDrive/Desktop/OOP/src/oop/SparePart.java</file>
            <file>file:/C:/Users/Asus/OneDrive/Desktop/OOP/src/oop/Register.java</file>
            <file>file:/C:/Users/Asus/OneDrive/Desktop/OOP/src/oop/MainPage.java</file>
            <file>file:/C:/Users/Asus/OneDrive/Desktop/OOP/src/oop/AddRepairJob.java</file>
            <file>file:/C:/Users/Asus/OneDrive/Desktop/OOP/src/oop/Employee.java</file>
            <file>file:/C:/Users/Asus/OneDrive/Desktop/OOP/src/oop/AddSpareParts.java</file>
            <file>file:/C:/Users/Asus/OneDrive/Desktop/OOP/src/oop/RestorationJob.java</file>
            <file>file:/C:/Users/Asus/OneDrive/Desktop/OOP/src/oop/Report.java</file>
            <file>file:/C:/Users/Asus/OneDrive/Desktop/OOP/src/oop/Login.java</file>
            <file>file:/C:/Users/Asus/OneDrive/Desktop/OOP/src/oop/AddRestorationJob.java</file>
            <file>file:/C:/Users/Asus/OneDrive/Desktop/OOP/src/oop/RepairJob.java</file>
            <file>file:/C:/Users/Asus/OneDrive/Desktop/OOP/src/oop/DatabaseConnection.java</file>
        </group>
    </open-files>
</project-private>
